[
  {
    "zip": "90001",
    "state": "California",
    "governor": {
      "name": "Gavin Newsom",
      "party": "Democratic",
      "photo": "https://upload.wikimedia.org/wikipedia/commons/thumb/e/e7/Gavin_Newsom_by_Gage_Skidmore.jpg/440px-Gavin_Newsom_by_Gage_Skidmore.jpg",
      "url": "https://www.gov.ca.gov/"
    },
    "senators": [
      {
        "name": "Alex Padilla",
        "party": "Democratic",
        "photo": "https://upload.wikimedia.org/wikipedia/commons/thumb/f/f3/Alex_Padilla_117th_Congress.jpg/440px-Alex_Padilla_117th_Congress.jpg",
        "url": "https://www.padilla.senate.gov/"
      },
      {
        "name": "Laphonza Butler",
        "party": "Democratic",
        "photo": "https://upload.wikimedia.org/wikipedia/commons/thumb/1/19/Laphonza_Butler_2023.jpg/440px-Laphonza_Butler_2023.jpg",
        "url": "https://www.butler.senate.gov/"
      }
    ],
    "representatives": [
      {
        "name": "Sydney Kamlager-Dove",
        "party": "Democratic",
        "photo": "https://upload.wikimedia.org/wikipedia/commons/thumb/9/9e/Sydney_Kamlager-Dove_117th_Congress.jpg/440px-Sydney_Kamlager-Dove_117th_Congress.jpg",
        "url": "https://kamlager-dove.house.gov/"
      }
    ]
  },
  {
    "zip": "10001",
    "state": "New York",
    "governor": {
      "name": "Kathy Hochul",
      "party": "Democratic",
      "photo": "https://upload.wikimedia.org/wikipedia/commons/thumb/f/f5/Kathy_Hochul_2021.jpg/440px-Kathy_Hochul_2021.jpg",
      "url": "https://www.governor.ny.gov/"
    },
    "senators": [
      {
        "name": "Chuck Schumer",
        "party": "Democratic",
        "photo": "https://upload.wikimedia.org/wikipedia/commons/thumb/5/58/Chuck_Schumer_117th_Congress.jpg/440px-Chuck_Schumer_117th_Congress.jpg",
        "url": "https://www.schumer.senate.gov/"
      },
      {
        "name": "Kirsten Gillibrand",
        "party": "Democratic",
        "photo": "https://upload.wikimedia.org/wikipedia/commons/thumb/2/2c/Kirsten_Gillibrand_117th_Congress.jpg/440px-Kirsten_Gillibrand_117th_Congress.jpg",
        "url": "https://www.gillibrand.senate.gov/"
      }
    ],
    "representatives": [
      {
        "name": "Jerrold Nadler",
        "party": "Democratic",
        "photo": "https://upload.wikimedia.org/wikipedia/commons/thumb/5/5d/Jerrold_Nadler_117th_Congress.jpg/440px-Jerrold_Nadler_117th_Congress.jpg",
        "url": "https://nadler.house.gov/"
      }
    ]
  }
]